ID,Platform,Comment,Date
1,X,The new TechNova X1 has an amazing camera! Love it.,2026-09-01
2,Instagram,Battery life is terrible. It dies in 2 hours #disappointed,2026-09-01
3,Facebook,It is an okay phone. Nothing special.,2026-09-02
4,YouTube,BEST SMARTPHONE EVER!!! Highly recommend to everyone!,2026-09-02
5,X,Customer service is the worst. I am returning this phone.,2026-09-03
6,Instagram,Screen resolution is decent for the price.,2026-09-03
7,Facebook,Wow just wow. The design is absolutely gorgeous.,2026-09-04
8,YouTube,It's fine I guess.,2026-09-04
9,X,mine arrived broken... so sad 😢,2026-09-05
10,Instagram,Incredible performance for gaming!,2026-09-05
11,Facebook,Not worth the money at all. Overpriced junk.,2026-09-06
12,X,Just bought it today. We will see how it goes.,2026-09-06
